{
    "submission_name": "Baseline",
    "score": 6.713148352161865,
    "metrics": {
        "accuracy": {
            "skin_tone": 0.2633333333333333,
            "gender": 0.8543333333333333,
            "age": 0.624
        },
        "disparity": {
            "skin_tone": 0.22861014324428958,
            "gender": 0.017275168253303996,
            "age": 0.19374207503542917
        }
    }
}