{
    "submission_name": "Baseline",
    "score": 6.023732159524974,
    "metrics": {
        "accuracy": {
            "skin_tone": 0.255,
            "gender": 0.8213333333333334,
            "age": 0.6123333333333333
        },
        "disparity": {
            "skin_tone": 0.25040650406504067,
            "gender": 0.1105833943578477,
            "age": 0.42099192618223763
        }
    }
}