{
    "submission_name": "Baseline",
    "score": 13.604014022530679,
    "metrics": {
        "accuracy": {
            "skin_tone": 0.8376666666666667,
            "gender": 0.9116666666666666,
            "age": 0.8613333333333333
        },
        "disparity": {
            "skin_tone": 0.09764908256880733,
            "gender": 0.017191477490671958,
            "age": 0.053602273046951865
        }
    }
}