{
    "submission_name": "Baseline",
    "score": 7.189168733483314,
    "metrics": {
        "accuracy": {
            "skin_tone": 0.305,
            "gender": 0.854,
            "age": 0.6516666666666666
        },
        "disparity": {
            "skin_tone": 0.2593272171253823,
            "gender": 0.041859329776475884,
            "age": 0.19628098011083916
        }
    }
}